{"games":[{"id":"0.32905242848699867","qty":1}],"totalPrice":10.000000000000007}